id,donation_id,blood_type,donor_name,donor_email,hospital_id,expiry_date,status,used_date,created_at,updated_at,reserved_for_request_id,fulfilled_request_id
1,,A+,Sample Donor 1,sample.donor 1@email.com,1,2025-09-26,Available,,2025-09-04 09:35:32.769465,2025-09-04 09:35:32.769465,,
2,,A+,Sample Donor 2,sample.donor 2@email.com,1,2025-09-20,Expired,,2025-09-04 09:35:32.777441,2025-09-04 09:35:32.777441,,
3,,A+,Sample Donor 6,sample.donor 6@email.com,1,2025-09-14,Used,,2025-09-04 09:35:32.778076,2025-09-04 09:35:32.778076,,
4,,A-,Sample Donor 2,sample.donor 2@email.com,1,2025-09-18,Available,,2025-09-04 09:35:32.778745,2025-09-04 09:35:32.778745,,
5,,A-,Sample Donor 2,sample.donor 2@email.com,1,2025-09-14,Available,,2025-09-04 09:35:32.779696,2025-09-04 09:35:32.779696,,
6,,A-,Sample Donor 2,sample.donor 2@email.com,1,2025-09-20,Available,,2025-09-04 09:35:32.780385,2025-09-04 09:35:32.780385,,
7,,A-,Sample Donor 5,sample.donor 5@email.com,1,2025-10-08,Used,,2025-09-04 09:35:32.781069,2025-09-04 09:35:32.781069,,
8,,A-,Sample Donor 2,sample.donor 2@email.com,1,2025-09-18,Available,,2025-09-04 09:35:32.781632,2025-09-04 09:35:32.781632,,
9,,B+,Sample Donor 3,sample.donor 3@email.com,1,2025-09-13,Available,,2025-09-04 09:35:32.782231,2025-09-04 09:35:32.782231,,
10,,B+,Sample Donor 3,sample.donor 3@email.com,1,2025-09-19,Used,,2025-09-04 09:35:32.782733,2025-09-04 09:35:32.782733,,
11,,B+,Sample Donor 6,sample.donor 6@email.com,1,2025-10-05,Used,,2025-09-04 09:35:32.783086,2025-09-04 09:35:32.783086,,
12,,B+,Sample Donor 3,sample.donor 3@email.com,1,2025-10-02,Available,,2025-09-04 09:35:32.783445,2025-09-04 09:35:32.783445,,
13,,B-,Sample Donor 4,sample.donor 4@email.com,1,2025-09-30,Available,,2025-09-04 09:35:32.783844,2025-09-04 09:35:32.783844,,
14,,B-,Sample Donor 4,sample.donor 4@email.com,1,2025-10-05,Available,,2025-09-04 09:35:32.784222,2025-09-04 09:35:32.784222,,
15,,B-,Sample Donor 6,sample.donor 6@email.com,1,2025-10-01,Available,,2025-09-04 09:35:32.784575,2025-09-04 09:35:32.784575,,
16,,AB+,Sample Donor 4,sample.donor 4@email.com,1,2025-09-19,Expired,,2025-09-04 09:35:32.784979,2025-09-04 09:35:32.784979,,
17,,AB+,Sample Donor 6,sample.donor 6@email.com,1,2025-09-10,Available,,2025-09-04 09:35:32.785309,2025-09-04 09:35:32.785309,,
18,,AB-,Sample Donor 3,sample.donor 3@email.com,1,2025-09-15,Available,,2025-09-04 09:35:32.785621,2025-09-04 09:35:32.785621,,
19,,AB-,Sample Donor 3,sample.donor 3@email.com,1,2025-09-24,Available,,2025-09-04 09:35:32.785917,2025-09-04 09:35:32.785917,,
20,,AB-,Sample Donor 2,sample.donor 2@email.com,1,2025-10-06,Available,,2025-09-04 09:35:32.786211,2025-09-04 09:35:32.786211,,
21,,AB-,Sample Donor 1,sample.donor 1@email.com,1,2025-10-06,Available,,2025-09-04 09:35:32.786632,2025-09-04 09:35:32.786632,,
22,,AB-,Sample Donor 6,sample.donor 6@email.com,1,2025-09-16,Available,,2025-09-04 09:35:32.787605,2025-09-04 09:35:32.787605,,
23,,O+,Sample Donor 1,sample.donor 1@email.com,1,2025-09-23,Available,,2025-09-04 09:35:32.788329,2025-09-04 09:35:32.788329,,
24,,O+,Sample Donor 4,sample.donor 4@email.com,1,2025-10-02,Available,,2025-09-04 09:35:32.789254,2025-09-04 09:35:32.789254,,
25,,O+,Sample Donor 1,sample.donor 1@email.com,1,2025-10-06,Available,,2025-09-04 09:35:32.789953,2025-09-04 09:35:32.789953,,
26,,O+,Sample Donor 6,sample.donor 6@email.com,1,2025-09-13,Available,,2025-09-04 09:35:32.790715,2025-09-04 09:35:32.790715,,
27,,O-,Sample Donor 3,sample.donor 3@email.com,1,2025-10-03,Available,,2025-09-04 09:35:32.791153,2025-09-04 09:35:32.791153,,
28,,O-,Sample Donor 1,sample.donor 1@email.com,1,2025-09-30,Expired,,2025-09-04 09:35:32.791527,2025-09-04 09:35:32.791527,,
29,,O-,Sample Donor 2,sample.donor 2@email.com,1,2025-10-04,Available,,2025-09-04 09:35:32.791883,2025-09-04 09:35:32.791883,,
30,,O-,Sample Donor 5,sample.donor 5@email.com,1,2025-09-22,Available,,2025-09-04 09:35:32.7922,2025-09-04 09:35:32.7922,,
31,,O-,Sample Donor 4,sample.donor 4@email.com,1,2025-10-01,Used,,2025-09-04 09:35:32.792492,2025-09-04 09:35:32.792492,,
32,,A+,Sample Donor 6,sample.donor 6@email.com,4,2025-10-06,Available,,2025-09-04 09:35:32.792868,2025-09-04 09:35:32.792868,,
33,,A+,Sample Donor 2,sample.donor 2@email.com,4,2025-09-11,Available,,2025-09-04 09:35:32.793314,2025-09-04 09:35:32.793314,,
34,,A+,Sample Donor 3,sample.donor 3@email.com,4,2025-09-18,Expired,,2025-09-04 09:35:32.79375,2025-09-04 09:35:32.79375,,
35,,A+,Sample Donor 4,sample.donor 4@email.com,4,2025-09-09,Used,,2025-09-04 09:35:32.794142,2025-09-04 09:35:32.794142,,
36,,A-,Sample Donor 3,sample.donor 3@email.com,4,2025-09-24,Available,,2025-09-04 09:35:32.794707,2025-09-04 09:35:32.794707,,
37,,A-,Sample Donor 2,sample.donor 2@email.com,4,2025-09-14,Available,,2025-09-04 09:35:32.795136,2025-09-04 09:35:32.795136,,
38,,A-,Sample Donor 4,sample.donor 4@email.com,4,2025-09-21,Available,,2025-09-04 09:35:32.795528,2025-09-04 09:35:32.795528,,
39,,A-,Sample Donor 4,sample.donor 4@email.com,4,2025-09-22,Available,,2025-09-04 09:35:32.796106,2025-09-04 09:35:32.796106,,
40,,A-,Sample Donor 2,sample.donor 2@email.com,4,2025-09-17,Available,,2025-09-04 09:35:32.797126,2025-09-04 09:35:32.797126,,
41,,B+,Sample Donor 2,sample.donor 2@email.com,4,2025-09-15,Available,,2025-09-04 09:35:32.797483,2025-09-04 09:35:32.797483,,
42,,B+,Sample Donor 4,sample.donor 4@email.com,4,2025-10-02,Available,,2025-09-04 09:35:32.797823,2025-09-04 09:35:32.797823,,
43,,B+,Sample Donor 3,sample.donor 3@email.com,4,2025-09-19,Available,,2025-09-04 09:35:32.798118,2025-09-04 09:35:32.798118,,
44,,B+,Sample Donor 4,sample.donor 4@email.com,4,2025-09-26,Available,,2025-09-04 09:35:32.798449,2025-09-04 09:35:32.798449,,
45,,B-,Sample Donor 2,sample.donor 2@email.com,4,2025-10-04,Available,,2025-09-04 09:35:32.79894,2025-09-04 09:35:32.79894,,
46,,B-,Sample Donor 4,sample.donor 4@email.com,4,2025-09-22,Available,,2025-09-04 09:35:32.79928,2025-09-04 09:35:32.79928,,
47,,B-,Sample Donor 3,sample.donor 3@email.com,4,2025-09-22,Available,,2025-09-04 09:35:32.799594,2025-09-04 09:35:32.799594,,
48,,AB+,Sample Donor 1,sample.donor 1@email.com,4,2025-10-07,Available,,2025-09-04 09:35:32.799919,2025-09-04 09:35:32.799919,,
49,,AB+,Sample Donor 6,sample.donor 6@email.com,4,2025-09-28,Available,,2025-09-04 09:35:32.800233,2025-09-04 09:35:32.800233,,
50,,AB+,Sample Donor 2,sample.donor 2@email.com,4,2025-09-23,Available,,2025-09-04 09:35:32.800556,2025-09-04 09:35:32.800556,,
51,,AB+,Sample Donor 4,sample.donor 4@email.com,4,2025-10-05,Available,,2025-09-04 09:35:32.80087,2025-09-04 09:35:32.80087,,
52,,AB+,Sample Donor 3,sample.donor 3@email.com,4,2025-09-21,Available,,2025-09-04 09:35:32.801086,2025-09-04 09:35:32.801086,,
53,,AB-,Sample Donor 3,sample.donor 3@email.com,4,2025-09-22,Available,,2025-09-04 09:35:32.80129,2025-09-04 09:35:32.80129,,
54,,AB-,Sample Donor 5,sample.donor 5@email.com,4,2025-09-28,Available,,2025-09-04 09:35:32.801491,2025-09-04 09:35:32.801491,,
55,,AB-,Sample Donor 5,sample.donor 5@email.com,4,2025-10-07,Available,,2025-09-04 09:35:32.8017,2025-09-04 09:35:32.8017,,
56,,AB-,Sample Donor 5,sample.donor 5@email.com,4,2025-10-02,Available,,2025-09-04 09:35:32.801896,2025-09-04 09:35:32.801896,,
57,,AB-,Sample Donor 6,sample.donor 6@email.com,4,2025-09-22,Available,,2025-09-04 09:35:32.802089,2025-09-04 09:35:32.802089,,
58,,O+,Sample Donor 5,sample.donor 5@email.com,4,2025-09-16,Available,,2025-09-04 09:35:32.802282,2025-09-04 09:35:32.802282,,
59,,O+,Sample Donor 2,sample.donor 2@email.com,4,2025-09-21,Used,,2025-09-04 09:35:32.802502,2025-09-04 09:35:32.802502,,
60,,O-,Sample Donor 5,sample.donor 5@email.com,4,2025-09-25,Available,,2025-09-04 09:35:32.802692,2025-09-04 09:35:32.802692,,
61,,O-,Sample Donor 3,sample.donor 3@email.com,4,2025-09-26,Available,,2025-09-04 09:35:32.802876,2025-09-04 09:35:32.802876,,
62,,A+,Sample Donor 1,sample.donor 1@email.com,5,2025-09-18,Available,,2025-09-04 09:35:32.803113,2025-09-04 09:35:32.803113,,
63,,A+,Sample Donor 6,sample.donor 6@email.com,5,2025-09-26,Available,,2025-09-04 09:35:32.803435,2025-09-04 09:35:32.803435,,
64,,A+,Sample Donor 2,sample.donor 2@email.com,5,2025-09-26,Available,,2025-09-04 09:35:32.803632,2025-09-04 09:35:32.803632,,
65,,A+,Sample Donor 6,sample.donor 6@email.com,5,2025-09-30,Available,,2025-09-04 09:35:32.803855,2025-09-04 09:35:32.803855,,
66,,A+,Sample Donor 1,sample.donor 1@email.com,5,2025-09-10,Available,,2025-09-04 09:35:32.804131,2025-09-04 09:35:32.804131,,
67,,A-,Sample Donor 6,sample.donor 6@email.com,5,2025-09-25,Expired,,2025-09-04 09:35:32.804328,2025-09-04 09:35:32.804328,,
68,,A-,Sample Donor 5,sample.donor 5@email.com,5,2025-09-12,Available,,2025-09-04 09:35:32.80557,2025-09-04 09:35:32.80557,,
69,,A-,Sample Donor 3,sample.donor 3@email.com,5,2025-09-16,Available,,2025-09-04 09:35:32.805827,2025-09-04 09:35:32.805827,,
70,,A-,Sample Donor 1,sample.donor 1@email.com,5,2025-09-14,Available,,2025-09-04 09:35:32.806029,2025-09-04 09:35:32.806029,,
71,,B+,Sample Donor 3,sample.donor 3@email.com,5,2025-10-01,Available,,2025-09-04 09:35:32.806401,2025-09-04 09:35:32.806401,,
72,,B+,Sample Donor 1,sample.donor 1@email.com,5,2025-10-08,Available,,2025-09-04 09:35:32.806887,2025-09-04 09:35:32.806887,,
73,,B+,Sample Donor 5,sample.donor 5@email.com,5,2025-09-25,Available,,2025-09-04 09:35:32.807517,2025-09-04 09:35:32.807517,,
74,,B-,Sample Donor 4,sample.donor 4@email.com,5,2025-09-25,Available,,2025-09-04 09:35:32.808839,2025-09-04 09:35:32.808839,,
75,,B-,Sample Donor 1,sample.donor 1@email.com,5,2025-09-26,Available,,2025-09-04 09:35:32.810045,2025-09-04 09:35:32.810045,,
76,,B-,Sample Donor 3,sample.donor 3@email.com,5,2025-09-25,Available,,2025-09-04 09:35:32.810388,2025-09-04 09:35:32.810388,,
77,,AB+,Sample Donor 6,sample.donor 6@email.com,5,2025-10-03,Available,,2025-09-04 09:35:32.810624,2025-09-04 09:35:32.810624,,
78,,AB+,Sample Donor 3,sample.donor 3@email.com,5,2025-10-07,Available,,2025-09-04 09:35:32.810836,2025-09-04 09:35:32.810836,,
79,,AB+,Sample Donor 1,sample.donor 1@email.com,5,2025-09-11,Available,,2025-09-04 09:35:32.811049,2025-09-04 09:35:32.811049,,
80,,AB-,Sample Donor 1,sample.donor 1@email.com,5,2025-10-08,Used,,2025-09-04 09:35:32.811245,2025-09-04 09:35:32.811245,,
81,,AB-,Sample Donor 3,sample.donor 3@email.com,5,2025-09-22,Available,,2025-09-04 09:35:32.811435,2025-09-04 09:35:32.811435,,
82,,AB-,Sample Donor 4,sample.donor 4@email.com,5,2025-10-08,Available,,2025-09-04 09:35:32.811635,2025-09-04 09:35:32.811635,,
83,,O+,Sample Donor 4,sample.donor 4@email.com,5,2025-10-08,Available,,2025-09-04 09:35:32.811832,2025-09-04 09:35:32.811832,,
84,,O+,Sample Donor 4,sample.donor 4@email.com,5,2025-09-14,Available,,2025-09-04 09:35:32.81203,2025-09-04 09:35:32.81203,,
85,,O+,Sample Donor 2,sample.donor 2@email.com,5,2025-09-21,Available,,2025-09-04 09:35:32.812294,2025-09-04 09:35:32.812294,,
86,,O+,Sample Donor 4,sample.donor 4@email.com,5,2025-09-11,Available,,2025-09-04 09:35:32.812577,2025-09-04 09:35:32.812577,,
87,,O-,Sample Donor 5,sample.donor 5@email.com,5,2025-09-29,Expired,,2025-09-04 09:35:32.812852,2025-09-04 09:35:32.812852,,
88,,O-,Sample Donor 2,sample.donor 2@email.com,5,2025-09-14,Used,,2025-09-04 09:35:32.813055,2025-09-04 09:35:32.813055,,
89,,O-,Sample Donor 3,sample.donor 3@email.com,5,2025-09-21,Available,,2025-09-04 09:35:32.813262,2025-09-04 09:35:32.813262,,
90,,A+,Sample Donor 4,sample.donor 4@email.com,6,2025-10-05,Available,,2025-09-04 09:35:32.813483,2025-09-04 09:35:32.813483,,
91,,A+,Sample Donor 3,sample.donor 3@email.com,6,2025-09-24,Available,,2025-09-04 09:35:32.813776,2025-09-04 09:35:32.813776,,
92,,A+,Sample Donor 1,sample.donor 1@email.com,6,2025-09-20,Available,,2025-09-04 09:35:32.813945,2025-09-04 09:35:32.813945,,
93,,A+,Sample Donor 1,sample.donor 1@email.com,6,2025-09-19,Available,,2025-09-04 09:35:32.814115,2025-09-04 09:35:32.814115,,
94,,A-,Sample Donor 1,sample.donor 1@email.com,6,2025-09-12,Available,,2025-09-04 09:35:32.814304,2025-09-04 09:35:32.814304,,
95,,A-,Sample Donor 3,sample.donor 3@email.com,6,2025-09-12,Used,,2025-09-04 09:35:32.81446,2025-09-04 09:35:32.81446,,
96,,A-,Sample Donor 3,sample.donor 3@email.com,6,2025-09-13,Available,,2025-09-04 09:35:32.814613,2025-09-04 09:35:32.814613,,
97,,A-,Sample Donor 5,sample.donor 5@email.com,6,2025-09-19,Available,,2025-09-04 09:35:32.814765,2025-09-04 09:35:32.814765,,
98,,A-,Sample Donor 1,sample.donor 1@email.com,6,2025-09-30,Used,,2025-09-04 09:35:32.814918,2025-09-04 09:35:32.814918,,
99,,B+,Sample Donor 1,sample.donor 1@email.com,6,2025-10-02,Available,,2025-09-04 09:35:32.815068,2025-09-04 09:35:32.815068,,
100,,B+,Sample Donor 6,sample.donor 6@email.com,6,2025-10-02,Available,,2025-09-04 09:35:32.815217,2025-09-04 09:35:32.815217,,
101,,B-,Sample Donor 3,sample.donor 3@email.com,6,2025-10-03,Used,,2025-09-04 09:35:32.815365,2025-09-04 09:35:32.815365,,
102,,B-,Sample Donor 3,sample.donor 3@email.com,6,2025-09-22,Available,,2025-09-04 09:35:32.815536,2025-09-04 09:35:32.815536,,
103,,B-,Sample Donor 3,sample.donor 3@email.com,6,2025-09-18,Available,,2025-09-04 09:35:32.815745,2025-09-04 09:35:32.815745,,
104,,B-,Sample Donor 2,sample.donor 2@email.com,6,2025-09-09,Expired,,2025-09-04 09:35:32.815948,2025-09-04 09:35:32.815948,,
105,,AB+,Sample Donor 5,sample.donor 5@email.com,6,2025-09-25,Available,,2025-09-04 09:35:32.816135,2025-09-04 09:35:32.816135,,
106,,AB+,Sample Donor 6,sample.donor 6@email.com,6,2025-09-13,Available,,2025-09-04 09:35:32.816322,2025-09-04 09:35:32.816322,,
107,,AB-,Sample Donor 2,sample.donor 2@email.com,6,2025-10-05,Expired,,2025-09-04 09:35:32.816531,2025-09-04 09:35:32.816531,,
108,,AB-,Sample Donor 3,sample.donor 3@email.com,6,2025-10-02,Available,,2025-09-04 09:35:32.816714,2025-09-04 09:35:32.816714,,
109,,AB-,Sample Donor 6,sample.donor 6@email.com,6,2025-09-09,Available,,2025-09-04 09:35:32.816896,2025-09-04 09:35:32.816896,,
110,,AB-,Sample Donor 3,sample.donor 3@email.com,6,2025-10-05,Available,,2025-09-04 09:35:32.817091,2025-09-04 09:35:32.817091,,
111,,AB-,Sample Donor 6,sample.donor 6@email.com,6,2025-09-15,Available,,2025-09-04 09:35:32.817321,2025-09-04 09:35:32.817321,,
112,,O+,Sample Donor 3,sample.donor 3@email.com,6,2025-09-17,Available,,2025-09-04 09:35:32.817501,2025-09-04 09:35:32.817501,,
113,,O+,Sample Donor 6,sample.donor 6@email.com,6,2025-09-15,Expired,,2025-09-04 09:35:32.81768,2025-09-04 09:35:32.81768,,
114,,O+,Sample Donor 1,sample.donor 1@email.com,6,2025-09-17,Available,,2025-09-04 09:35:32.817986,2025-09-04 09:35:32.817986,,
115,,O+,Sample Donor 5,sample.donor 5@email.com,6,2025-10-05,Available,,2025-09-04 09:35:32.818167,2025-09-04 09:35:32.818167,,
116,,O+,Sample Donor 6,sample.donor 6@email.com,6,2025-09-18,Available,,2025-09-04 09:35:32.818326,2025-09-04 09:35:32.818326,,
117,,O-,Sample Donor 6,sample.donor 6@email.com,6,2025-09-30,Available,,2025-09-04 09:35:32.818479,2025-09-04 09:35:32.818479,,
118,,O-,Sample Donor 5,sample.donor 5@email.com,6,2025-09-22,Available,,2025-09-04 09:35:32.818628,2025-09-04 09:35:32.818628,,
119,,O-,Sample Donor 2,sample.donor 2@email.com,6,2025-09-24,Available,,2025-09-04 09:35:32.818789,2025-09-04 09:35:32.818789,,
120,,O-,Sample Donor 5,sample.donor 5@email.com,6,2025-09-24,Used,,2025-09-04 09:35:32.818952,2025-09-04 09:35:32.818952,,
121,,O-,Sample Donor 3,sample.donor 3@email.com,6,2025-09-27,Available,,2025-09-04 09:35:32.819128,2025-09-04 09:35:32.819128,,
122,,A+,Sample Donor 4,sample.donor 4@email.com,7,2025-10-07,Available,,2025-09-04 09:35:32.819425,2025-09-04 09:35:32.819425,,
123,,A+,Sample Donor 4,sample.donor 4@email.com,7,2025-09-10,Used,,2025-09-04 09:35:32.819697,2025-09-04 09:35:32.819697,,
124,,A+,Sample Donor 1,sample.donor 1@email.com,7,2025-09-11,Available,,2025-09-04 09:35:32.819887,2025-09-04 09:35:32.819887,,
125,,A+,Sample Donor 6,sample.donor 6@email.com,7,2025-10-02,Available,,2025-09-04 09:35:32.820114,2025-09-04 09:35:32.820114,,
126,,A-,Sample Donor 4,sample.donor 4@email.com,7,2025-10-03,Available,,2025-09-04 09:35:32.82033,2025-09-04 09:35:32.82033,,
127,,A-,Sample Donor 4,sample.donor 4@email.com,7,2025-09-22,Available,,2025-09-04 09:35:32.820852,2025-09-04 09:35:32.820852,,
128,,A-,Sample Donor 6,sample.donor 6@email.com,7,2025-09-21,Available,,2025-09-04 09:35:32.821291,2025-09-04 09:35:32.821291,,
129,,A-,Sample Donor 6,sample.donor 6@email.com,7,2025-10-06,Available,,2025-09-04 09:35:32.82158,2025-09-04 09:35:32.82158,,
130,,B+,Sample Donor 6,sample.donor 6@email.com,7,2025-09-14,Available,,2025-09-04 09:35:32.821869,2025-09-04 09:35:32.821869,,
131,,B+,Sample Donor 6,sample.donor 6@email.com,7,2025-10-08,Available,,2025-09-04 09:35:32.822092,2025-09-04 09:35:32.822092,,
132,,B-,Sample Donor 5,sample.donor 5@email.com,7,2025-09-11,Available,,2025-09-04 09:35:32.822368,2025-09-04 09:35:32.822368,,
133,,B-,Sample Donor 5,sample.donor 5@email.com,7,2025-10-01,Available,,2025-09-04 09:35:32.822687,2025-09-04 09:35:32.822687,,
134,,B-,Sample Donor 6,sample.donor 6@email.com,7,2025-09-18,Expired,,2025-09-04 09:35:32.822974,2025-09-04 09:35:32.822974,,
135,,B-,Sample Donor 2,sample.donor 2@email.com,7,2025-09-26,Available,,2025-09-04 09:35:32.823237,2025-09-04 09:35:32.823237,,
136,,AB+,Sample Donor 4,sample.donor 4@email.com,7,2025-10-05,Available,,2025-09-04 09:35:32.823428,2025-09-04 09:35:32.823428,,
137,,AB+,Sample Donor 6,sample.donor 6@email.com,7,2025-09-20,Available,,2025-09-04 09:35:32.823746,2025-09-04 09:35:32.823746,,
138,,AB-,Sample Donor 5,sample.donor 5@email.com,7,2025-09-18,Available,,2025-09-04 09:35:32.823964,2025-09-04 09:35:32.823964,,
139,,AB-,Sample Donor 6,sample.donor 6@email.com,7,2025-10-01,Available,,2025-09-04 09:35:32.824145,2025-09-04 09:35:32.824145,,
140,,O+,Sample Donor 2,sample.donor 2@email.com,7,2025-09-30,Available,,2025-09-04 09:35:32.824318,2025-09-04 09:35:32.824318,,
141,,O+,Sample Donor 6,sample.donor 6@email.com,7,2025-09-12,Available,,2025-09-04 09:35:32.824491,2025-09-04 09:35:32.824491,,
142,,O-,Sample Donor 5,sample.donor 5@email.com,7,2025-10-08,Used,,2025-09-04 09:35:32.824664,2025-09-04 09:35:32.824664,,
143,,O-,Sample Donor 2,sample.donor 2@email.com,7,2025-09-16,Available,,2025-09-04 09:35:32.824836,2025-09-04 09:35:32.824836,,
144,,O-,Sample Donor 1,sample.donor 1@email.com,7,2025-10-06,Expired,,2025-09-04 09:35:32.825009,2025-09-04 09:35:32.825009,,
145,,O-,Sample Donor 4,sample.donor 4@email.com,7,2025-09-23,Available,,2025-09-04 09:35:32.825187,2025-09-04 09:35:32.825187,,
